time,0
1854-01-15,-0.50226444
1854-02-15,-0.7039467
1854-03-15,-0.83531606
1854-04-15,-0.82244295
1854-05-15,-0.6323738
1854-06-15,-0.5786434
1854-07-15,0.08531156
1854-08-15,-0.34990442
1854-09-15,-0.24559736
1854-10-15,-1.1769655
1854-11-15,-1.1877652
1854-12-15,-1.3339262
1855-01-15,-0.46836466
1855-02-15,0.10960211
1855-03-15,-0.3868351
1855-04-15,-0.5961342
1855-05-15,-0.45529372
1855-06-15,-0.39296567
1855-07-15,0.118492246
1855-08-15,0.17934439
1855-09-15,1.0286899
1855-10-15,0.6668131
1855-11-15,1.0327144
1855-12-15,1.0304743
1856-01-15,0.6303555
1856-02-15,0.17253315
1856-03-15,0.11762452
1856-04-15,-0.9951651
1856-05-15,-1.1439843
1856-06-15,-0.8649251
1856-07-15,-0.38638896
1856-08-15,-0.8369552
1856-09-15,-1.8100946
1856-10-15,-2.312876
1856-11-15,-2.5035448
1856-12-15,-2.369926
1857-01-15,-1.913595
1857-02-15,-1.8165748
1857-03-15,-1.6697855
1857-04-15,-1.6411251
1857-05-15,-0.6692829
1857-06-15,0.24853297
1857-07-15,0.22163017
1857-08-15,-0.116096914
1857-09-15,0.3135221
1857-10-15,-0.120795846
1857-11-15,-0.19328451
1857-12-15,-0.041360855
1858-01-15,0.28141594
1858-02-15,0.020593897
1858-03-15,-0.53052723
1858-04-15,-0.7678033
1858-05-15,-0.64709246
1858-06-15,-0.5167161
1858-07-15,-0.14416891
1858-08-15,-0.15048611
1858-09-15,-0.19056857
1858-10-15,-0.10156646
1858-11-15,-0.135656
1858-12-15,-0.07971004
1859-01-15,0.09363559
1859-02-15,-0.4685474
1859-03-15,-0.7936345
1859-04-15,-1.5116041
1859-05-15,-1.3058524
1859-06-15,-0.5438862
1859-07-15,0.25289154
1859-08-15,0.5126648
1859-09-15,-0.12230918
1859-10-15,-0.13715708
1859-11-15,-0.20676655
1859-12-15,-0.4529588
1860-01-15,-0.7251945
1860-02-15,-1.2249845
1860-03-15,-1.4231662
1860-04-15,-1.6275545
1860-05-15,-1.2910731
1860-06-15,-0.32161555
1860-07-15,0.040872633
1860-08-15,0.20664373
1860-09-15,-0.39899492
1860-10-15,-1.1394546
1860-11-15,-0.99115443
1860-12-15,-1.4745445
1861-01-15,-1.1461761
1861-02-15,-1.2983959
1861-03-15,-1.2154245
1861-04-15,-1.5641849
1861-05-15,-1.3670255
1861-06-15,-0.8921751
1861-07-15,-0.5650152
1861-08-15,-0.36202466
1861-09-15,-0.48675913
1861-10-15,-0.5165465
1861-11-15,-0.61246705
1861-12-15,-0.5593412
1862-01-15,-0.47380406
1862-02-15,-0.76404583
1862-03-15,-1.4391949
1862-04-15,-1.7326646
1862-05-15,-1.8387854
1862-06-15,-2.2293162
1862-07-15,-1.1256154
1862-08-15,-0.5254853
1862-09-15,-0.08355898
1862-10-15,-0.9673159
1862-11-15,-0.8647158
1862-12-15,-0.57010037
1863-01-15,-0.660145
1863-02-15,-1.149506
1863-03-15,-1.3149347
1863-04-15,-1.4242748
1863-05-15,-1.3164655
1863-06-15,-0.7144756
1863-07-15,-0.38211852
1863-08-15,-0.14260656
1863-09-15,-0.2063275
1863-10-15,-0.4762081
1863-11-15,-0.59138465
1863-12-15,-0.93955034
1864-01-15,-0.48017478
1864-02-15,-0.540697
1864-03-15,-0.801336
1864-04-15,-1.1212449
1864-05-15,-1.062393
1864-06-15,-0.80396456
1864-07-15,-0.43721795
1864-08-15,-0.1344068
1864-09-15,-0.09124905
1864-10-15,-0.47471786
1864-11-15,-0.70297635
1864-12-15,-0.86308837
1865-01-15,-0.39532506
1865-02-15,-0.71637744
1865-03-15,-1.1095656
1865-04-15,-1.3016524
1865-05-15,-1.1699946
1865-06-15,-0.76464677
1865-07-15,-0.2951392
1865-08-15,-0.11304659
1865-09-15,-0.15550971
1865-10-15,-0.39031827
1865-11-15,-0.62067586
1865-12-15,-0.63883984
1866-01-15,-0.81699383
1866-02-15,-1.056767
1866-03-15,-1.2587054
1866-04-15,-1.341385
1866-05-15,-1.0728832
1866-06-15,-0.7634561
1866-07-15,-0.44061875
1866-08-15,-0.23741496
1866-09-15,-0.025598586
1866-10-15,-0.53593636
1866-11-15,-0.7620358
1866-12-15,-0.48405838
1867-01-15,-0.49505424
1867-02-15,-0.82199895
1867-03-15,-1.0795761
1867-04-15,-1.200773
1867-05-15,-1.4273335
1867-06-15,-0.9832366
1867-07-15,-0.4764294
1867-08-15,-0.33926558
1867-09-15,-0.50430834
1867-10-15,-0.5112665
1867-11-15,-0.6125164
1867-12-15,-0.1977101
1868-01-15,-0.0603047
1868-02-15,-0.5738584
1868-03-15,-0.9740048
1868-04-15,-1.5037438
1868-05-15,-1.4348352
1868-06-15,-0.8265055
1868-07-15,-0.3463288
1868-08-15,-0.22463584
1868-09-15,-0.37715876
1868-10-15,-0.61516535
1868-11-15,-0.73849714
1868-12-15,-0.83094066
1869-01-15,-0.73751456
1869-02-15,-0.74605715
1869-03-15,-1.1621242
1869-04-15,-1.3453027
1869-05-15,-1.2822136
1869-06-15,-0.9910051
1869-07-15,-0.85582554
1869-08-15,-1.447005
1869-09-15,-1.7625649
1869-10-15,-1.7568254
1869-11-15,-0.6688675
1869-12-15,-1.322765
1870-01-15,-1.1452558
1870-02-15,-2.2518756
1870-03-15,-2.1398056
1870-04-15,-2.4264655
1870-05-15,-2.298675
1870-06-15,-1.4982758
1870-07-15,-1.0176152
1870-08-15,-0.8811846
1870-09-15,-0.82320476
1870-10-15,-1.0180452
1870-11-15,-1.0086151
1870-12-15,-1.0057247
1871-01-15,-0.72844446
1871-02-15,-1.0202457
1871-03-15,-0.9453358
1871-04-15,-0.7720928
1871-05-15,-0.9272249
1871-06-15,-0.5231265
1871-07-15,-0.08908886
1871-08-15,0.47948483
1871-09-15,0.50942993
1871-10-15,-0.028095394
1871-11-15,-0.37273574
1871-12-15,-0.4028185
1872-01-15,-0.73586476
1872-02-15,-1.0165958
1872-03-15,-1.333676
1872-04-15,-1.4755944
1872-05-15,-1.3129655
1872-06-15,-1.1327044
1872-07-15,0.41082194
1872-08-15,-0.69495475
1872-09-15,-0.45350564
1872-10-15,-1.2957654
1872-11-15,-1.2735858
1872-12-15,-1.0695361
1873-01-15,-1.2058861
1873-02-15,-1.4459956
1873-03-15,-1.4894749
1873-04-15,-1.3248857
1873-05-15,-1.2041947
1873-06-15,-0.4485169
1873-07-15,0.14694202
1873-08-15,0.5847145
1873-09-15,0.3477118
1873-10-15,-0.6375556
1873-11-15,-0.75689495
1873-12-15,-0.7236761
1874-01-15,-1.1000758
1874-02-15,-1.5941858
1874-03-15,-1.7017448
1874-04-15,-1.7319753
1874-05-15,-1.3753246
1874-06-15,-0.9428352
1874-07-15,-0.827685
1874-08-15,-0.62373435
1874-09-15,-0.6117346
1874-10-15,-0.7245159
1874-11-15,-1.0539347
1874-12-15,-0.9674851
1875-01-15,-0.5936028
1875-02-15,-0.8787079
1875-03-15,-0.95369554
1875-04-15,-1.3141632
1875-05-15,-1.1334934
1875-06-15,-0.8474158
1875-07-15,-0.28422016
1875-08-15,-0.24610436
1875-09-15,-0.51085496
1875-10-15,-1.0551448
1875-11-15,-1.0098854
1875-12-15,-0.85509104
1876-01-15,-0.39887476
1876-02-15,-0.8741447
1876-03-15,-1.3792859
1876-04-15,-1.9513462
1876-05-15,-1.5552061
1876-06-15,-0.54158354
1876-07-15,0.46221164
1876-08-15,0.36138338
1876-09-15,0.21601155
1876-10-15,0.3433838
1876-11-15,0.20222472
1876-12-15,0.37955078
1877-01-15,0.60336494
1877-02-15,0.3246135
1877-03-15,0.3637141
1877-04-15,-0.19883585
1877-05-15,-0.4459136
1877-06-15,-0.11378467
1877-07-15,0.87487423
1877-08-15,1.9276353
1877-09-15,1.7305248
1877-10-15,1.6001451
1877-11-15,1.8224547
1877-12-15,1.7364547
1878-01-15,1.7410738
1878-02-15,1.7220755
1878-03-15,-0.09147692
1878-04-15,0.16978431
1878-05-15,0.19335556
1878-06-15,-0.6092454
1878-07-15,-0.8561691
1878-08-15,-0.5371859
1878-09-15,-0.90809584
1878-10-15,-1.3601155
1878-11-15,-1.5240163
1878-12-15,-1.3690752
1879-01-15,-1.1474851
1879-02-15,-0.5133687
1879-03-15,-1.0569654
1879-04-15,-1.296274
1879-05-15,-1.2977428
1879-06-15,-1.1031046
1879-07-15,-0.98833454
1879-08-15,-0.70587444
1879-09-15,-0.716805
1879-10-15,-1.1607556
1879-11-15,-1.2738647
1879-12-15,-0.95558476
1880-01-15,-1.377136
1880-02-15,-1.3758547
1880-03-15,-1.1158371
1880-04-15,-1.6920646
1880-05-15,-0.80409414
1880-06-15,-0.12605467
1880-07-15,0.34061086
1880-08-15,0.3259832
1880-09-15,0.34677118
1880-10-15,0.17666274
1880-11-15,0.10725391
1880-12-15,0.024689086
1881-01-15,0.22041507
1881-02-15,-0.09962845
1881-03-15,-0.30419508
1881-04-15,-0.69336486
1881-05-15,-0.64846444
1881-06-15,-0.35240552
1881-07-15,0.061500996
1881-08-15,0.17944303
1881-09-15,0.14118025
1881-10-15,-0.25750542
1881-11-15,-0.4453944
1881-12-15,0.06798938
1882-01-15,-0.57066494
1882-02-15,-0.3749087
1882-03-15,-0.32476616
1882-04-15,-0.40611458
1882-05-15,-0.31134436
1882-06-15,-0.4318257
1882-07-15,-0.33299857
1882-08-15,0.0019628406
1882-09-15,-0.5050055
1882-10-15,-0.9250362
1882-11-15,-1.2025853
1882-12-15,-0.8737698
1883-01-15,-0.47448587
1883-02-15,-0.07345745
1883-03-15,-0.19566534
1883-04-15,-0.17876412
1883-05-15,-0.5778641
1883-06-15,-0.31431583
1883-07-15,0.24065009
1883-08-15,0.35379398
1883-09-15,0.090740025
1883-10-15,-0.027958393
1883-11-15,-0.005495459
1883-12-15,-0.029340267
1884-01-15,0.29450604
1884-02-15,0.118612275
1884-03-15,-0.54211646
1884-04-15,-0.2504539
1884-05-15,-0.29751396
1884-06-15,0.042144768
1884-07-15,0.21138152
1884-08-15,0.23178476
1884-09-15,0.6160126
1884-10-15,0.39388272
1884-11-15,0.6226046
1884-12-15,0.6270313
1885-01-15,0.50055504
1885-02-15,0.06652259
1885-03-15,-0.3652152
1885-04-15,-0.7902645
1885-05-15,-0.53270304
1885-06-15,0.15251592
1885-07-15,0.5014326
1885-08-15,0.5664439
1885-09-15,0.82242167
1885-10-15,0.91863453
1885-11-15,0.7796138
1885-12-15,0.77892834
1886-01-15,0.48686647
1886-02-15,-0.32659703
1886-03-15,-1.157526
1886-04-15,-1.3288934
1886-05-15,-1.5762944
1886-06-15,-1.5771352
1886-07-15,-0.90769565
1886-08-15,-0.51391566
1886-09-15,-0.6582658
1886-10-15,-1.1676645
1886-11-15,-1.3950851
1886-12-15,-1.8424263
1887-01-15,-1.9365461
1887-02-15,-2.0211248
1887-03-15,-1.5702658
1887-04-15,-1.541086
1887-05-15,-1.3140848
1887-06-15,-0.711555
1887-07-15,-0.044588268
1887-08-15,0.23466277
1887-09-15,0.20726043
1887-10-15,-0.024988502
1887-11-15,-0.045276865
1887-12-15,0.01495944
1888-01-15,0.31500444
1888-02-15,0.38038293
1888-03-15,0.007404268
1888-04-15,-0.3511052
1888-05-15,-0.35571525
1888-06-15,0.3428855
1888-07-15,0.79192144
1888-08-15,1.030195
1888-09-15,1.3839548
1888-10-15,1.4488438
1888-11-15,1.5434445
1888-12-15,1.8827641
1889-01-15,1.8122747
1889-02-15,1.584265
1889-03-15,0.46555555
1889-04-15,-0.038913667
1889-05-15,-0.18244353
1889-06-15,-0.38942575
1889-07-15,-1.3809958
1889-08-15,-1.0412554
1889-09-15,-1.2205757
1889-10-15,-1.9009459
1889-11-15,-1.7495444
1889-12-15,-1.6589445
1890-01-15,-1.5705261
1890-02-15,-2.0538554
1890-03-15,-1.5522755
1890-04-15,-1.6790752
1890-05-15,-1.1301533
1890-06-15,-0.7309454
1890-07-15,-0.3614558
1890-08-15,-0.033925653
1890-09-15,-0.32424593
1890-10-15,-0.5303545
1890-11-15,-0.68517447
1890-12-15,0.1305201
1891-01-15,0.4386864
1891-02-15,0.04582195
1891-03-15,-0.4064254
1891-04-15,-0.22421452
1891-05-15,-0.2600647
1891-06-15,0.05557449
1891-07-15,0.3272915
1891-08-15,0.36624345
1891-09-15,0.14642152
1891-10-15,-0.028698415
1891-11-15,-0.06830561
1891-12-15,-0.21710059
1892-01-15,-0.43482608
1892-02-15,-0.5138572
1892-03-15,-0.9380664
1892-04-15,-0.94445395
1892-05-15,-0.8314339
1892-06-15,-0.49898487
1892-07-15,-0.35075617
1892-08-15,-0.5831946
1892-09-15,-0.9156046
1892-10-15,-1.4087949
1892-11-15,-1.3105958
1892-12-15,-1.1125954
1893-01-15,-1.0889151
1893-02-15,-1.1208158
1893-03-15,-1.4786644
1893-04-15,-1.5758647
1893-05-15,-1.2609462
1893-06-15,-0.8482044
1893-07-15,-0.6656743
1893-08-15,-0.743696
1893-09-15,-0.7286453
1893-10-15,-1.2043756
1893-11-15,-1.1268252
1893-12-15,-0.94379616
1894-01-15,-0.9104557
1894-02-15,-1.150435
1894-03-15,-1.5941358
1894-04-15,-1.5917044
1894-05-15,-1.2994953
1894-06-15,-0.69645697
1894-07-15,-0.7120756
1894-08-15,-0.28872538
1894-09-15,-0.56461596
1894-10-15,-0.7627057
1894-11-15,-0.90928555
1894-12-15,-0.52868056
1895-01-15,-0.5652255
1895-02-15,-1.0911952
1895-03-15,-1.0833267
1895-04-15,-1.054735
1895-05-15,-0.27855486
1895-06-15,-0.19995521
1895-07-15,0.19661133
1895-08-15,0.2830733
1895-09-15,0.47839168
1895-10-15,0.27320313
1895-11-15,0.21598446
1895-12-15,0.3813797
1896-01-15,0.1721859
1896-02-15,-0.054317478
1896-03-15,-0.39154434
1896-04-15,-0.6430738
1896-05-15,-0.5418549
1896-06-15,0.3322446
1896-07-15,1.0886304
1896-08-15,1.1717129
1896-09-15,1.0960102
1896-10-15,0.9436624
1896-11-15,1.2941439
1896-12-15,1.2611648
1897-01-15,1.127674
1897-02-15,0.50003225
1897-03-15,-0.44570547
1897-04-15,-1.0548342
1897-05-15,-0.9586024
1897-06-15,-0.57562596
1897-07-15,-0.20137995
1897-08-15,-0.17833722
1897-09-15,-0.12652922
1897-10-15,-0.5908664
1897-11-15,-1.2264544
1897-12-15,-0.59340113
1898-01-15,-0.17112496
1898-02-15,-0.62288874
1898-03-15,-1.3883045
1898-04-15,-0.97830427
1898-05-15,-0.7112824
1898-06-15,-0.4173141
1898-07-15,-0.47552538
1898-08-15,-0.45703578
1898-09-15,-0.46770513
1898-10-15,-0.6511854
1898-11-15,-0.85770583
1898-12-15,-0.9162952
1899-01-15,-0.35245287
1899-02-15,-0.8170558
1899-03-15,-0.8910661
1899-04-15,-0.4345746
1899-05-15,-0.5522038
1899-06-15,-0.31570613
1899-07-15,0.28379017
1899-08-15,0.50858307
1899-09-15,0.4823513
1899-10-15,0.4452014
1899-11-15,0.8667922
1899-12-15,1.1978656
1900-01-15,1.1722857
1900-02-15,0.9405148
1900-03-15,0.40796494
1900-04-15,-0.04944414
1900-05-15,0.23308522
1900-06-15,0.3713032
1900-07-15,0.6467416
1900-08-15,0.41600415
1900-09-15,0.16241108
1900-10-15,0.009641603
1900-11-15,-0.24463665
1900-12-15,-0.040409137
1901-01-15,0.22652404
1901-02-15,0.10233118
1901-03-15,-0.68119615
1901-04-15,-0.82994455
1901-05-15,-1.0007834
1901-06-15,-0.69654685
1901-07-15,-0.36599952
1901-08-15,-0.13446599
1901-09-15,-0.1608882
1901-10-15,-0.40901768
1901-11-15,-0.4471665
1901-12-15,-0.2313
1902-01-15,0.10580659
1902-02-15,-0.10351768
1902-03-15,-0.22902682
1902-04-15,0.011156082
1902-05-15,0.0017472804
1902-06-15,0.81921554
1902-07-15,1.706935
1902-08-15,2.036964
1902-09-15,2.158584
1902-10-15,2.039044
1902-11-15,1.9597943
1902-12-15,1.556144
1903-01-15,1.4289645
1903-02-15,1.132995
1903-03-15,0.4363655
1903-04-15,-0.3066444
1903-05-15,-0.51649433
1903-06-15,-0.32544482
1903-07-15,-0.24289936
1903-08-15,-0.73030543
1903-09-15,-0.70305455
1903-10-15,-0.9379356
1903-11-15,-0.9850652
1903-12-15,-0.72052467
1904-01-15,-1.014865
1904-02-15,-1.2447944
1904-03-15,-1.4749552
1904-04-15,-0.9314044
1904-05-15,-0.47954357
1904-06-15,0.05541438
1904-07-15,0.4597115
1904-08-15,0.6484949
1904-09-15,0.47829977
1904-10-15,0.4024425
1904-11-15,0.68633425
1904-12-15,0.9553695
1905-01-15,1.0094049
1905-02-15,0.8794234
1905-03-15,0.5235038
1905-04-15,0.40102756
1905-05-15,0.5274758
1905-06-15,0.82276297
1905-07-15,1.4588313
1905-08-15,1.7842041
1905-09-15,1.7930557
1905-10-15,1.1545718
1905-11-15,0.8490445
1905-12-15,0.9500905
1906-01-15,0.80444515
1906-02-15,0.16156244
1906-03-15,-0.1776352
1906-04-15,-0.6751044
1906-05-15,-0.7491744
1906-06-15,-0.6361751
1906-07-15,-0.43380016
1906-08-15,-0.5116948
1906-09-15,-0.34027445
1906-10-15,-0.19252825
1906-11-15,-0.49954587
1906-12-15,-0.6551149
1907-01-15,-0.7073549
1907-02-15,-0.89265466
1907-03-15,-1.096275
1907-04-15,-1.0747335
1907-05-15,-0.67728406
1907-06-15,-0.23766562
1907-07-15,0.11500156
1907-08-15,0.6242754
1907-09-15,0.33586165
1907-10-15,0.15372252
1907-11-15,-0.24225599
1907-12-15,-0.16226983
1908-01-15,0.21290606
1908-02-15,0.022641987
1908-03-15,-0.42050564
1908-04-15,-1.2169559
1908-05-15,-1.010266
1908-06-15,-0.38955545
1908-07-15,0.15906173
1908-08-15,0.07082379
1908-09-15,-0.20559585
1908-10-15,-0.6044556
1908-11-15,-0.72152543
1908-12-15,-0.96449554
1909-01-15,-1.1820961
1909-02-15,-1.0814648
1909-03-15,-0.87679446
1909-04-15,-1.0722063
1909-05-15,-0.9438225
1909-06-15,-0.56755614
1909-07-15,-0.24355483
1909-08-15,-0.11799526
1909-09-15,-0.7862147
1909-10-15,-1.0594254
1909-11-15,-0.96840525
1909-12-15,-0.9868953
1910-01-15,-1.120365
1910-02-15,-1.3761754
1910-03-15,-1.831836
1910-04-15,-1.3281151
1910-05-15,-1.2258049
1910-06-15,-0.8529546
1910-07-15,-0.55488515
1910-08-15,-0.4439361
1910-09-15,-0.75962555
1910-10-15,-0.75239587
1910-11-15,-0.7005155
1910-12-15,-0.7340344
1911-01-15,-0.76630545
1911-02-15,-0.842535
1911-03-15,-1.0385358
1911-04-15,-0.9807851
1911-05-15,-0.6523625
1911-06-15,0.21402317
1911-07-15,1.0087817
1911-08-15,1.1440849
1911-09-15,0.72572124
1911-10-15,1.2078532
1911-11-15,1.1035632
1911-12-15,1.3138356
1912-01-15,1.3365839
1912-02-15,0.94426304
1912-03-15,0.5680966
1912-04-15,-0.06488463
1912-05-15,-0.16545333
1912-06-15,-0.38763604
1912-07-15,0.04191196
1912-08-15,0.46194425
1912-09-15,-0.20315892
1912-10-15,-0.40698594
1912-11-15,-0.6626562
1912-12-15,-0.4907894
1913-01-15,-0.25924498
1913-02-15,-0.42812687
1913-03-15,-0.6307656
1913-04-15,-0.55876374
1913-05-15,-0.31529415
1913-06-15,0.057674766
1913-07-15,0.47919077
1913-08-15,0.5391735
1913-09-15,0.35053107
1913-10-15,0.10148421
1913-11-15,0.5172752
1913-12-15,1.0371016
1914-01-15,1.1368566
1914-02-15,0.56476223
1914-03-15,0.15568352
1914-04-15,-0.4085445
1914-05-15,0.05514714
1914-06-15,0.19641306
1914-07-15,0.995411
1914-08-15,1.2613139
1914-09-15,1.5215722
1914-10-15,1.3695555
1914-11-15,0.8911441
1914-12-15,1.1773349
1915-01-15,1.2316042
1915-02-15,0.826813
1915-03-15,-0.17126451
1915-04-15,-0.027972758
1915-05-15,0.16621548
1915-06-15,0.18818313
1915-07-15,0.030592054
1915-08-15,-0.15938586
1915-09-15,-0.39360857
1915-10-15,-0.89367616
1915-11-15,-1.1990548
1915-12-15,-1.1014451
1916-01-15,-0.45464492
1916-02-15,-0.81894684
1916-03-15,-0.703106
1916-04-15,-1.7527847
1916-05-15,-0.9387947
1916-06-15,-0.9437653
1916-07-15,-0.1064989
1916-08-15,-0.22337508
1916-09-15,-0.5650753
1916-10-15,-1.4488261
1916-11-15,-1.8054962
1916-12-15,-1.4883747
1917-01-15,-1.6484745
1917-02-15,-1.2066553
1917-03-15,-1.1835352
1917-04-15,-0.89508474
1917-05-15,-0.9437047
1917-06-15,-0.884585
1917-07-15,-0.6880057
1917-08-15,-0.9294044
1917-09-15,-0.72311485
1917-10-15,-1.4998446
1917-11-15,-1.4839249
1917-12-15,-0.92697597
1918-01-15,-0.42557573
1918-02-15,-0.22125596
1918-03-15,-0.98821557
1918-04-15,-0.9175736
1918-05-15,-0.18763494
1918-06-15,0.45509294
1918-07-15,0.3727724
1918-08-15,0.79021454
1918-09-15,0.7686615
1918-10-15,1.220194
1918-11-15,1.5927446
1918-12-15,1.5852151
1919-01-15,1.2812755
1919-02-15,0.6681846
1919-03-15,0.39106536
1919-04-15,-1.3448846
1919-05-15,-0.83330524
1919-06-15,-0.6164459
1919-07-15,-0.027578056
1919-08-15,-0.23091543
1919-09-15,0.40323246
1919-10-15,0.6951424
1919-11-15,0.4034519
1919-12-15,1.1854706
1920-01-15,0.8271442
1920-02-15,0.5953619
1920-03-15,-0.06115493
1920-04-15,-0.60038346
1920-05-15,-0.6975444
1920-06-15,0.09717556
1920-07-15,0.7306806
1920-08-15,0.7486553
1920-09-15,0.12891173
1920-10-15,-0.28402722
1920-11-15,-0.15509635
1920-12-15,-0.41084105
1921-01-15,-0.40101433
1921-02-15,-1.3607357
1921-03-15,-2.3124058
1921-04-15,-2.135866
1921-05-15,-1.0735645
1921-06-15,-0.87641525
1921-07-15,0.002799511
1921-08-15,0.57037336
1921-09-15,0.45370084
1921-10-15,0.7482028
1921-11-15,0.9060844
1921-12-15,0.57361984
1922-01-15,0.46249557
1922-02-15,-0.7391377
1922-03-15,-0.5884644
1922-04-15,-1.3621346
1922-05-15,-0.83594465
1922-06-15,-0.65854496
1922-07-15,-0.6194346
1922-08-15,-0.6992053
1922-09-15,-0.8200246
1922-10-15,-0.9883753
1922-11-15,-0.55150634
1922-12-15,-0.65800595
1923-01-15,-0.67917585
1923-02-15,-0.9054463
1923-03-15,-0.33338517
1923-04-15,-0.76482373
1923-05-15,-0.4273948
1923-06-15,0.022424579
1923-07-15,0.34003246
1923-08-15,0.78278357
1923-09-15,0.7962323
1923-10-15,0.792433
1923-11-15,0.6320936
1923-12-15,0.59560996
1924-01-15,0.60744464
1924-02-15,0.16378364
1924-03-15,-0.27916524
1924-04-15,-0.9131237
1924-05-15,-0.95325255
1924-06-15,-0.9158455
1924-07-15,-0.821025
1924-08-15,-0.5616559
1924-09-15,-0.89124477
1924-10-15,-1.1200353
1924-11-15,-1.2784257
1924-12-15,-1.2011652
1925-01-15,-1.0823647
1925-02-15,-1.2141762
1925-03-15,-0.6879258
1925-04-15,-0.89994466
1925-05-15,-0.9010635
1925-06-15,-0.57603693
1925-07-15,0.14865074
1925-08-15,0.59660345
1925-09-15,0.6806221
1925-10-15,0.7502825
1925-11-15,0.95428455
1925-12-15,1.1203947
1926-01-15,1.1421049
1926-02-15,0.6268519
1926-03-15,0.44465452
1926-04-15,-0.051433682
1926-05-15,-0.3169748
1926-06-15,-0.18045619
1926-07-15,0.06673014
1926-08-15,-0.018194377
1926-09-15,-0.46536863
1926-10-15,-1.0604146
1926-11-15,-1.054805
1926-12-15,-0.72756565
1927-01-15,-0.52251446
1927-02-15,-0.666616
1927-03-15,-0.84317434
1927-04-15,-1.321936
1927-05-15,-1.0885949
1927-06-15,-0.41642553
1927-07-15,-0.07424891
1927-08-15,0.08549458
1927-09-15,0.22848085
1927-10-15,0.28397176
1927-11-15,-0.17552716
1927-12-15,-0.14855981
1928-01-15,0.06720547
1928-02-15,-0.20674749
1928-03-15,-0.6677762
1928-04-15,-0.9256741
1928-05-15,-0.7494427
1928-06-15,-0.50426656
1928-07-15,0.20572063
1928-08-15,0.39851406
1928-09-15,0.17108184
1928-10-15,-0.11213648
1928-11-15,-0.25929636
1928-12-15,-0.09313989
1929-01-15,-0.29969597
1929-02-15,-0.5581475
1929-03-15,-0.6943743
1929-04-15,-1.0401344
1929-05-15,-0.7896342
1929-06-15,-0.26158476
1929-07-15,0.24155247
1929-08-15,0.33593324
1929-09-15,0.37730223
1929-10-15,0.1861234
1929-11-15,0.09228298
1929-12-15,0.26766968
1930-01-15,0.5340252
1930-02-15,0.38122183
1930-03-15,-0.1267662
1930-04-15,-0.5191841
1930-05-15,-0.30021477
1930-06-15,0.51799434
1930-07-15,0.80166095
1930-08-15,0.97173536
1930-09-15,1.036522
1930-10-15,1.0748534
1930-11-15,0.9909953
1930-12-15,1.039135
1931-01-15,0.9696847
1931-02-15,0.6951236
1931-03-15,-0.083185464
1931-04-15,-0.36782476
1931-05-15,-0.35889253
1931-06-15,-0.18156624
1931-07-15,0.15527149
1931-08-15,0.14015341
1931-09-15,-0.60427535
1931-10-15,-1.0099953
1931-11-15,-0.9026245
1931-12-15,-0.77856517
1932-01-15,-0.6960355
1932-02-15,-0.6801472
1932-03-15,-0.5908662
1932-04-15,-0.61366415
1932-05-15,-0.40276337
1932-06-15,-0.045695946
1932-07-15,0.3038599
1932-08-15,0.12219441
1932-09-15,-0.09076887
1932-10-15,-0.14398736
1932-11-15,-0.24464643
1932-12-15,-0.47211832
1933-01-15,-0.5787048
1933-02-15,-0.9002048
1933-03-15,-1.1230259
1933-04-15,-1.2697234
1933-05-15,-1.2666155
1933-06-15,-1.0845051
1933-07-15,-0.86267495
1933-08-15,-0.831975
1933-09-15,-0.9221561
1933-10-15,-1.2994757
1933-11-15,-1.4352746
1933-12-15,-1.3101951
1934-01-15,-0.89040446
1934-02-15,-0.7866851
1934-03-15,-1.131875
1934-04-15,-1.3119444
1934-05-15,-0.8698942
1934-06-15,-0.38697597
1934-07-15,0.0751915
1934-08-15,0.08051491
1934-09-15,-0.3500787
1934-10-15,-0.29400653
1934-11-15,-0.38089597
1934-12-15,-0.29385972
1935-01-15,-0.37827265
1935-02-15,-0.5057772
1935-03-15,-0.7261945
1935-04-15,-1.2942848
1935-05-15,-1.1047037
1935-06-15,-0.5534361
1935-07-15,-0.017508984
1935-08-15,0.24434507
1935-09-15,0.2514098
1935-10-15,0.04947254
1935-11-15,-0.22260684
1935-12-15,-0.3121299
1936-01-15,-0.3127439
1936-02-15,-0.48806798
1936-03-15,-0.8276959
1936-04-15,-0.93018293
1936-05-15,-0.7834146
1936-06-15,-0.40174526
1936-07-15,-0.1701181
1936-08-15,-0.0107553005
1936-09-15,-0.016988575
1936-10-15,-0.29078662
1936-11-15,-0.5709969
1936-12-15,-0.59
1937-01-15,-0.69904613
1937-02-15,-0.5460683
1937-03-15,-0.7817551
1937-04-15,-1.214603
1937-05-15,-1.0282137
1937-06-15,-0.5290141
1937-07-15,-0.18002903
1937-08-15,0.18858552
1937-09-15,0.19613042
1937-10-15,-0.00043717027
1937-11-15,-0.26760662
1937-12-15,-0.44749027
1938-01-15,-0.8324653
1938-02-15,-1.2260144
1938-03-15,-1.3037661
1938-04-15,-1.6550357
1938-05-15,-1.4074451
1938-06-15,-1.4301153
1938-07-15,-1.3718445
1938-08-15,-1.1818755
1938-09-15,-0.7686354
1938-10-15,-0.8573351
1938-11-15,-0.9453846
1938-12-15,-1.0041553
1939-01-15,-1.1848056
1939-02-15,-1.2909055
1939-03-15,-0.7094934
1939-04-15,-0.840174
1939-05-15,-0.4535634
1939-06-15,-0.23863605
1939-07-15,0.34196088
1939-08-15,0.57373434
1939-09-15,0.11486009
1939-10-15,-0.07158637
1939-11-15,-0.59781605
1939-12-15,-0.3417705
1940-01-15,0.49131626
1940-02-15,0.3664629
1940-03-15,0.2204743
1940-04-15,-0.61935246
1940-05-15,-0.39468408
1940-06-15,0.0044935644
1940-07-15,0.44937158
1940-08-15,0.9967151
1940-09-15,0.7078308
1940-10-15,0.25124398
1940-11-15,0.95833516
1940-12-15,1.5963249
1941-01-15,1.395444
1941-02-15,1.3292341
1941-03-15,0.47781396
1941-04-15,-0.22269255
1941-05-15,-0.13050419
1941-06-15,-0.056465387
1941-07-15,0.31719232
1941-08-15,0.4896447
1941-09-15,0.31870055
1941-10-15,0.23753202
1941-11-15,0.39840555
1941-12-15,0.5394256
1942-01-15,0.2645355
1942-02-15,-0.17473777
1942-03-15,-0.396166
1942-04-15,-0.62035406
1942-05-15,-0.8939725
1942-06-15,-0.82252526
1942-07-15,-1.0443062
1942-08-15,-1.1771246
1942-09-15,-1.5433552
1942-10-15,-1.7411447
1942-11-15,-1.8699548
1942-12-15,-1.8184748
1943-01-15,-1.9657044
1943-02-15,-2.0885253
1943-03-15,-1.6625152
1943-04-15,-1.5187659
1943-05-15,-1.0922626
1943-06-15,-0.38910487
1943-07-15,0.09403241
1943-08-15,0.26635408
1943-09-15,-0.32853854
1943-10-15,-0.73727787
1943-11-15,-0.78445643
1943-12-15,-0.59544003
1944-01-15,-0.52897465
1944-02-15,-0.4989492
1944-03-15,-0.47440502
1944-04-15,-0.6369035
1944-05-15,-0.8090343
1944-06-15,-0.65635717
1944-07-15,-0.09882931
1944-08-15,-0.1729255
1944-09-15,-0.60211766
1944-10-15,-1.2652144
1944-11-15,-1.0368754
1944-12-15,-1.0262184
1945-01-15,-1.1075958
1945-02-15,-1.3835987
1945-03-15,-1.6171645
1945-04-15,-1.8196454
1945-05-15,-1.2011242
1945-06-15,-1.5739858
1945-07-15,-0.86913824
1945-08-15,-0.70234644
1945-09-15,-0.6278491
1945-10-15,-1.9232552
1945-11-15,-0.5546155
1945-12-15,-0.4857099
1946-01-15,-0.45890465
1946-02-15,-1.6095061
1946-03-15,-1.4456067
1946-04-15,-1.2315345
1946-05-15,-0.819134
1946-06-15,-0.959296
1946-07-15,-0.8576844
1946-08-15,-1.1906561
1946-09-15,-1.0896659
1946-10-15,-0.47666728
1946-11-15,-0.42710692
1946-12-15,0.6250001
1947-01-15,-0.13462436
1947-02-15,-0.2663074
1947-03-15,-0.5184655
1947-04-15,-0.79452276
1947-05-15,-0.32627344
1947-06-15,-0.36038595
1947-07-15,-0.15576923
1947-08-15,-0.09858543
1947-09-15,0.07111132
1947-10-15,-1.1253849
1947-11-15,-1.4438754
1947-12-15,0.07815926
1948-01-15,0.5742248
1948-02-15,0.44440228
1948-03-15,-0.86866605
1948-04-15,-0.4177933
1948-05-15,-0.19611357
1948-06-15,-0.58083576
1948-07-15,-0.5843351
1948-08-15,-0.5001552
1948-09-15,-0.5656148
1948-10-15,-0.93377507
1948-11-15,-1.1621957
1948-12-15,-0.4111387
1949-01-15,-0.28396463
1949-02-15,-0.68458736
1949-03-15,-0.6575453
1949-04-15,-0.80652416
1949-05-15,-1.2042142
1949-06-15,-1.0153846
1949-07-15,-0.5370251
1949-08-15,-0.08442724
1949-09-15,-0.13288897
1949-10-15,-0.604275
1949-11-15,-1.1695253
1949-12-15,-1.5823059
1950-01-15,-1.6008947
1950-02-15,-1.4561256
1950-03-15,-1.4783859
1950-04-15,-1.7544149
1950-05-15,-1.815776
1950-06-15,-1.0132258
1950-07-15,-0.25847995
1950-08-15,-0.17269701
1950-09-15,-0.18507957
1950-10-15,-0.37146735
1950-11-15,-0.68876445
1950-12-15,-0.71984565
1951-01-15,-0.85378563
1951-02-15,-0.7239548
1951-03-15,-0.40812486
1951-04-15,-0.5127029
1951-05-15,-0.3286245
1951-06-15,0.034084454
1951-07-15,0.6276109
1951-08-15,0.708874
1951-09-15,0.824291
1951-10-15,0.5830024
1951-11-15,0.5655322
1951-12-15,0.32854035
1952-01-15,0.15013538
1952-02-15,-0.16872597
1952-03-15,-0.5099353
1952-04-15,-0.5789242
1952-05-15,-0.5460224
1952-06-15,-0.4773046
1952-07-15,-0.19768906
1952-08-15,0.15664452
1952-09-15,0.13154984
1952-10-15,-0.121516675
1952-11-15,-0.52052724
1952-12-15,-0.2025696
1953-01-15,0.27100527
1953-02-15,0.09621248
1953-03-15,-0.12816623
1953-04-15,-0.40776467
1953-05-15,-0.19991267
1953-06-15,0.259705
1953-07-15,0.47738054
1953-08-15,0.5525228
1953-09-15,0.7086808
1953-10-15,0.3881626
1953-11-15,0.3090035
1953-12-15,0.49497044
1954-01-15,0.5577656
1954-02-15,0.24961314
1954-03-15,-0.59830713
1954-04-15,-1.4362262
1954-05-15,-0.94517475
1954-06-15,-0.6216847
1954-07-15,-0.4007758
1954-08-15,-0.602595
1954-09-15,-0.8364153
1954-10-15,-0.82744575
1954-11-15,-0.59106517
1954-12-15,-0.72789586
1955-01-15,-0.58164454
1955-02-15,-0.68652916
1955-03-15,-1.0212154
1955-04-15,-1.2448844
1955-05-15,-1.1853051
1955-06-15,-0.67978585
1955-07-15,-0.35666585
1955-08-15,-0.45711434
1955-09-15,-0.6876861
1955-10-15,-1.5329556
1955-11-15,-1.8198645
1955-12-15,-1.4310844
1956-01-15,-0.76524556
1956-02-15,-0.69321793
1956-03-15,-0.8313137
1956-04-15,-1.0837846
1956-05-15,-0.7872235
1956-06-15,-0.5190256
1956-07-15,-0.27524912
1956-08-15,-0.3089646
1956-09-15,-0.2130276
1956-10-15,-0.38439548
1956-11-15,-0.7335044
1956-12-15,-0.5798894
1957-01-15,-0.24983442
1957-02-15,-0.1872578
1957-03-15,-0.18578534
1957-04-15,-0.1805647
1957-05-15,-0.037794173
1957-06-15,0.46524417
1957-07-15,1.1194415
1957-08-15,1.1639045
1957-09-15,1.0067806
1957-10-15,0.8282642
1957-11-15,0.92067325
1957-12-15,1.212654
1958-01-15,1.5650744
1958-02-15,1.0450151
1958-03-15,0.3333242
1958-04-15,-0.30326504
1958-05-15,-0.17530406
1958-06-15,0.1308938
1958-07-15,0.32863092
1958-08-15,0.3951244
1958-09-15,-0.0019373894
1958-10-15,-0.0709666
1958-11-15,0.1778336
1958-12-15,0.07279968
1959-01-15,0.51401514
1959-02-15,0.21794364
1959-03-15,-0.26175457
1959-04-15,-0.5897937
1959-05-15,-0.7390442
1959-06-15,-0.36714572
1959-07-15,-0.39993852
1959-08-15,-0.19702512
1959-09-15,-0.39572746
1959-10-15,-0.26834914
1959-11-15,-0.5008544
1959-12-15,-0.2745302
1960-01-15,-0.17345423
1960-02-15,-0.5325967
1960-03-15,-0.72761494
1960-04-15,-0.897654
1960-05-15,-0.7702944
1960-06-15,-0.45813605
1960-07-15,-0.019699216
1960-08-15,0.3944952
1960-09-15,0.11774099
1960-10-15,-0.17538646
1960-11-15,-0.26173824
1960-12-15,-0.30305102
1961-01-15,-0.2696856
1961-02-15,-0.36684796
1961-03-15,-0.72322434
1961-04-15,-0.99151397
1961-05-15,-0.62994385
1961-06-15,-0.05704494
1961-07-15,0.14271155
1961-08-15,0.0013355017
1961-09-15,-0.35147876
1961-10-15,-0.5848256
1961-11-15,-0.35083556
1961-12-15,-0.4178698
1962-01-15,-0.42575496
1962-02-15,-0.5454887
1962-03-15,-0.76746583
1962-04-15,-1.1037145
1962-05-15,-1.2019842
1962-06-15,-0.5679145
1962-07-15,-0.08861008
1962-08-15,0.0037653446
1962-09-15,-0.3223493
1962-10-15,-0.4423176
1962-11-15,-0.751257
1962-12-15,-0.707481
1963-01-15,-0.6556838
1963-02-15,-0.6065373
1963-03-15,-0.5081672
1963-04-15,-0.6724129
1963-05-15,-0.87318397
1963-06-15,-0.19789693
1963-07-15,0.7709425
1963-08-15,0.93975455
1963-09-15,0.89304006
1963-10-15,0.7034335
1963-11-15,0.6466825
1963-12-15,0.8947357
1964-01-15,0.6418553
1964-02-15,0.1506828
1964-03-15,-0.65458673
1964-04-15,-1.3449135
1964-05-15,-1.3638835
1964-06-15,-0.99119437
1964-07-15,-0.405838
1964-08-15,-0.45845604
1964-09-15,-0.6910944
1964-10-15,-0.80181456
1964-11-15,-0.92087555
1964-12-15,-0.80067563
1965-01-15,-0.46583414
1965-02-15,-0.45276606
1965-03-15,-0.5117949
1965-04-15,-0.9008539
1965-05-15,-0.34449375
1965-06-15,0.40664515
1965-07-15,1.0902805
1965-08-15,1.611934
1965-09-15,1.6176555
1965-10-15,1.5607947
1965-11-15,1.3862646
1965-12-15,1.3126545
1966-01-15,1.0721838
1966-02-15,0.55508196
1966-03-15,0.45873415
1966-04-15,-0.27413347
1966-05-15,-0.7937242
1966-06-15,-0.15818593
1966-07-15,0.3437214
1966-08-15,0.14029455
1966-09-15,-0.06677842
1966-10-15,-0.23361754
1966-11-15,-0.36954695
1966-12-15,-0.44925106
1967-01-15,-0.48209572
1967-02-15,-0.5616873
1967-03-15,-0.97077554
1967-04-15,-1.5120449
1967-05-15,-0.97130406
1967-06-15,-0.17266619
1967-07-15,0.24612239
1967-08-15,0.32790378
1967-09-15,-0.2437588
1967-10-15,-0.24152792
1967-11-15,-0.20835686
1967-12-15,-0.28708994
1968-01-15,-0.45037466
1968-02-15,-0.84577453
1968-03-15,-0.9992851
1968-04-15,-1.0170538
1968-05-15,-0.9732534
1968-06-15,0.1276738
1968-07-15,0.6526816
1968-08-15,0.6137045
1968-09-15,0.30242157
1968-10-15,0.10802464
1968-11-15,0.45615375
1968-12-15,0.532841
1969-01-15,0.69253755
1969-02-15,0.6529138
1969-03-15,-0.21348524
1969-04-15,-0.6537746
1969-05-15,-0.50561357
1969-06-15,-0.3312359
1969-07-15,0.0207806
1969-08-15,0.49740374
1969-09-15,0.5923402
1969-10-15,0.57069206
1969-11-15,0.24763337
1969-12-15,0.1892013
1970-01-15,0.03502637
1970-02-15,-0.10880664
1970-03-15,-0.72391504
1970-04-15,-0.7653351
1970-05-15,-0.8434331
1970-06-15,-0.66247606
1970-07-15,-0.5892985
1970-08-15,-0.62259483
1970-09-15,-0.53858495
1970-10-15,-0.7103449
1970-11-15,-0.8365458
1970-12-15,-0.9477948
1971-01-15,-1.3571852
1971-02-15,-1.2655648
1971-03-15,-1.3399254
1971-04-15,-1.4492646
1971-05-15,-1.1453741
1971-06-15,-0.7836459
1971-07-15,-0.4478358
1971-08-15,-0.29802597
1971-09-15,-0.36394525
1971-10-15,-0.6745751
1971-11-15,-0.6965352
1971-12-15,-0.72238445
1972-01-15,-0.687395
1972-02-15,-0.48908767
1972-03-15,-0.4070552
1972-04-15,-0.42283255
1972-05-15,-0.07113421
1972-06-15,0.32323432
1972-07-15,1.0834812
1972-08-15,1.387564
1972-09-15,1.3616853
1972-10-15,1.3823946
1972-11-15,1.5910554
1972-12-15,1.645014
1973-01-15,1.371625
1973-02-15,0.7562642
1973-03-15,-0.36187577
1973-04-15,-1.2775037
1973-05-15,-1.5470234
1973-06-15,-1.2550049
1973-07-15,-1.1892855
1973-08-15,-1.1341062
1973-09-15,-1.2774357
1973-10-15,-1.6667744
1973-11-15,-2.079796
1973-12-15,-1.8639758
1974-01-15,-1.601305
1974-02-15,-1.3440953
1974-03-15,-1.423015
1974-04-15,-1.5741047
1974-05-15,-1.5271547
1974-06-15,-1.0017644
1974-07-15,-0.3865279
1974-08-15,0.051093876
1974-09-15,-0.14762837
1974-10-15,-0.52067757
1974-11-15,-0.771235
1974-12-15,-0.62186956
1975-01-15,-0.1551339
1975-02-15,-0.5290088
1975-03-15,-1.1702346
1975-04-15,-1.2173446
1975-05-15,-1.303245
1975-06-15,-1.2240558
1975-07-15,-0.7740053
1975-08-15,-0.73586595
1975-09-15,-0.918326
1975-10-15,-1.1694759
1975-11-15,-1.021506
1975-12-15,-1.2594556
1976-01-15,-1.3815548
1976-02-15,-0.9171746
1976-03-15,-0.7934651
1976-04-15,-1.1529543
1976-05-15,-0.8862536
1976-06-15,-0.25065613
1976-07-15,0.3509712
1976-08-15,0.67684364
1976-09-15,0.70455194
1976-10-15,0.8288521
1976-11-15,0.66514426
1976-12-15,0.48438102
1977-01-15,0.66803527
1977-02-15,0.15343082
1977-03-15,-0.21700662
1977-04-15,-0.9453148
1977-05-15,-0.7585335
1977-06-15,-0.15955539
1977-07-15,0.40320188
1977-08-15,0.41957477
1977-09-15,0.6742119
1977-10-15,0.72317326
1977-11-15,0.4863143
1977-12-15,0.69276077
1978-01-15,0.48726654
1978-02-15,0.04293257
1978-03-15,-0.6225647
1978-04-15,-1.2244639
1978-05-15,-1.1197453
1978-06-15,-0.7496658
1978-07-15,-0.20269921
1978-08-15,-0.2524258
1978-09-15,-0.2506392
1978-10-15,-0.155817
1978-11-15,-0.24680549
1978-12-15,-0.023630127
1979-01-15,-0.22300524
1979-02-15,-0.42271808
1979-03-15,-0.53401566
1979-04-15,-0.74876356
1979-05-15,-0.86461496
1979-06-15,-0.5214044
1979-07-15,-0.20442769
1979-08-15,0.26294324
1979-09-15,0.45409998
1979-10-15,0.12168336
1979-11-15,0.11389306
1979-12-15,0.28096002
1980-01-15,0.27361488
1980-02-15,-0.10958631
1980-03-15,-0.5991154
1980-04-15,-0.8635349
1980-05-15,-0.6742232
1980-06-15,-0.05084607
1980-07-15,0.13710025
1980-08-15,-0.02687627
1980-09-15,-0.07586846
1980-10-15,-0.1524987
1980-11-15,-0.15110584
1980-12-15,0.01395984
1981-01-15,-0.33414474
1981-02-15,-0.71242684
1981-03-15,-1.076986
1981-04-15,-1.1294043
1981-05-15,-1.1295335
1981-06-15,-0.61292666
1981-07-15,-0.37322986
1981-08-15,-0.07268715
1981-09-15,0.009420827
1981-10-15,-0.35964772
1981-11-15,-0.5413077
1981-12-15,-0.3347203
1982-01-15,-0.013272837
1982-02-15,-0.38727766
1982-03-15,-0.3614135
1982-04-15,-0.5222948
1982-05-15,-0.24734348
1982-06-15,0.26126468
1982-07-15,0.6012422
1982-08-15,1.044973
1982-09-15,1.5626351
1982-10-15,1.7933748
1982-11-15,1.615944
1982-12-15,1.7737951
1983-01-15,1.8572342
1983-02-15,1.2765043
1983-03-15,0.5111941
1983-04-15,-0.06764591
1983-05-15,0.019155622
1983-06-15,0.017083883
1983-07-15,-0.09928894
1983-08-15,-0.11452694
1983-09-15,-0.40655857
1983-10-15,-1.1267458
1983-11-15,-1.3337649
1983-12-15,-1.1342205
1984-01-15,-0.80550563
1984-02-15,-0.4767685
1984-03-15,-1.1113359
1984-04-15,-1.3908135
1984-05-15,-1.2666527
1984-06-15,-0.9615157
1984-07-15,-0.17649803
1984-08-15,0.17911498
1984-09-15,-0.17807788
1984-10-15,-0.529276
1984-11-15,-1.1081654
1984-12-15,-1.2049361
1985-01-15,-1.0647457
1985-02-15,-0.83288753
1985-03-15,-1.098005
1985-04-15,-1.6249659
1985-05-15,-1.4210528
1985-06-15,-0.8848956
1985-07-15,-0.35951984
1985-08-15,-0.04724711
1985-09-15,-0.36262923
1985-10-15,-0.29290587
1985-11-15,-0.32420534
1985-12-15,-0.4036785
1986-01-15,-0.6083355
1986-02-15,-0.9027077
1986-03-15,-0.84130436
1986-04-15,-0.9372162
1986-05-15,-1.0912434
1986-06-15,-0.48871648
1986-07-15,0.09169197
1986-08-15,0.66965485
1986-09-15,0.7285023
1986-10-15,0.7546935
1986-11-15,0.83481514
1986-12-15,0.95851433
1987-01-15,0.9264455
1987-02-15,0.7760755
1987-03-15,0.21704507
1987-04-15,-0.3170547
1987-05-15,-0.3322124
1987-06-15,0.40197408
1987-07-15,1.1516054
1987-08-15,1.4717541
1987-09-15,1.3892941
1987-10-15,0.78281534
1987-11-15,0.48271525
1987-12-15,0.4659708
1988-01-15,0.39173728
1988-02-15,-0.38310602
1988-03-15,-0.82606494
1988-04-15,-1.4217738
1988-05-15,-2.0400147
1988-06-15,-2.0109162
1988-07-15,-1.569195
1988-08-15,-0.9446559
1988-09-15,-0.8472755
1988-10-15,-1.7903144
1988-11-15,-1.9395648
1988-12-15,-1.8196859
1989-01-15,-1.8583246
1989-02-15,-1.5265856
1989-03-15,-1.5339059
1989-04-15,-1.6231441
1989-05-15,-1.3498551
1989-06-15,-0.6800957
1989-07-15,-0.37862006
1989-08-15,-0.221237
1989-09-15,-0.14629903
1989-10-15,-0.38489762
1989-11-15,-0.52234435
1989-12-15,-0.22724915
1990-01-15,-0.069395065
1990-02-15,-0.20621905
1990-03-15,-0.586195
1990-04-15,-0.77658486
1990-05-15,-0.6650234
1990-06-15,-0.36884493
1990-07-15,0.2058413
1990-08-15,0.44610554
1990-09-15,0.32556188
1990-10-15,0.09194362
1990-11-15,-0.07865715
1990-12-15,0.14348009
1991-01-15,0.23848495
1991-02-15,-0.021519035
1991-03-15,-0.5720539
1991-04-15,-0.6716535
1991-05-15,-0.5592534
1991-06-15,0.084064186
1991-07-15,0.74018055
1991-08-15,0.83712554
1991-09-15,0.5002914
1991-10-15,0.82199323
1991-11-15,1.053415
1991-12-15,1.4987547
1992-01-15,1.6183947
1992-02-15,1.3765852
1992-03-15,0.73570406
1992-04-15,0.33399498
1992-05-15,0.20645416
1992-06-15,0.22234303
1992-07-15,0.34675932
1992-08-15,0.36651418
1992-09-15,0.111751534
1992-10-15,-0.23587847
1992-11-15,-0.23871818
1992-12-15,-0.12931018
1993-01-15,0.06930563
1993-02-15,0.16630322
1993-03-15,-0.1822455
1993-04-15,-0.22989416
1993-05-15,-0.02888292
1993-06-15,-0.0007365942
1993-07-15,0.38226148
1993-08-15,0.46407354
1993-09-15,0.4943901
1993-10-15,0.061283104
1993-11-15,-0.17608638
1993-12-15,-0.0026297718
1994-01-15,-0.065593734
1994-02-15,-0.22484785
1994-03-15,-0.46619618
1994-04-15,-0.51446384
1994-05-15,-0.3950651
1994-06-15,0.090913326
1994-07-15,0.49418026
1994-08-15,0.88765526
1994-09-15,0.71567136
1994-10-15,0.63924193
1994-11-15,0.85067546
1994-12-15,1.0002738
1995-01-15,0.7285247
1995-02-15,0.23764193
1995-03-15,-0.2728061
1995-04-15,-0.62460506
1995-05-15,-0.90312386
1995-06-15,-0.57497597
1995-07-15,-0.20956802
1995-08-15,-0.42471457
1995-09-15,-0.70053846
1995-10-15,-0.8701265
1995-11-15,-1.2201349
1995-12-15,-1.03672
1996-01-15,-0.9610039
1996-02-15,-1.1875877
1996-03-15,-1.2257352
1996-04-15,-1.2078346
1996-05-15,-1.0375724
1996-06-15,-0.7136655
1996-07-15,-0.2998179
1996-08-15,0.039495483
1996-09-15,-0.32640794
1996-10-15,-0.41274643
1996-11-15,-0.45867735
1996-12-15,-0.65819967
1997-01-15,-0.52972376
1997-02-15,-0.51519823
1997-03-15,-0.7401471
1997-04-15,-0.56255335
1997-05-15,-0.11985409
1997-06-15,0.6164448
1997-07-15,1.4491354
1997-08-15,1.8621248
1997-09-15,1.8699441
1997-10-15,1.8104153
1997-11-15,1.711175
1997-12-15,1.4861653
1998-01-15,1.6077352
1998-02-15,1.0345953
1998-03-15,0.14442563
1998-04-15,-0.47489506
1998-05-15,-0.5433844
1998-06-15,-1.0186766
1998-07-15,-1.1160396
1998-08-15,-1.2714059
1998-09-15,-1.2135354
1998-10-15,-1.507356
1998-11-15,-1.5827956
1998-12-15,-1.7090244
1999-01-15,-1.653026
1999-02-15,-1.4487262
1999-03-15,-1.4593146
1999-04-15,-1.7299658
1999-05-15,-1.6544361
1999-06-15,-1.2442545
1999-07-15,-0.897766
1999-08-15,-0.79327476
1999-09-15,-0.7902545
1999-10-15,-1.0304152
1999-11-15,-1.4740251
1999-12-15,-1.6859254
2000-01-15,-1.7363957
2000-02-15,-1.7163852
2000-03-15,-1.438955
2000-04-15,-1.5308747
2000-05-15,-1.3963429
2000-06-15,-0.8252258
2000-07-15,-0.37164903
2000-08-15,-0.1720444
2000-09-15,-0.4076686
2000-10-15,-0.71333694
2000-11-15,-0.8626769
2000-12-15,-0.93396
2001-01-15,-0.81798553
2001-02-15,-0.8905281
2001-03-15,-1.1386471
2001-04-15,-1.3574334
2001-05-15,-1.1346323
2001-06-15,-0.5752144
2001-07-15,0.020401023
2001-08-15,0.122085616
2001-09-15,-0.14352839
2001-10-15,-0.25959554
2001-11-15,-0.5595968
2001-12-15,-0.60830855
2002-01-15,-0.4162749
2002-02-15,-0.43530658
2002-03-15,-0.7806453
2002-04-15,-0.9719426
2002-05-15,-0.62668407
2002-06-15,0.15854454
2002-07-15,0.7121026
2002-08-15,1.0112739
2002-09-15,1.0676451
2002-10-15,0.96307445
2002-11-15,1.0307543
2002-12-15,0.8379656
2003-01-15,0.12616503
2003-02-15,-0.002015829
2003-03-15,-0.53349453
2003-04-15,-1.1335735
2003-05-15,-1.4487951
2003-06-15,-0.69808584
2003-07-15,0.1152114
2003-08-15,0.21384409
2003-09-15,0.09995118
2003-10-15,0.027233034
2003-11-15,-0.08897555
2003-12-15,0.050880015
2004-01-15,-0.17100364
2004-02-15,-0.37304696
2004-03-15,-0.66385657
2004-04-15,-0.88684505
2004-05-15,-0.6584534
2004-06-15,-0.13563499
2004-07-15,0.55599
2004-08-15,0.89105433
2004-09-15,0.70267123
2004-10-15,0.45148236
2004-11-15,0.2490328
2004-12-15,0.29504055
2005-01-15,0.17921656
2005-02-15,-0.22283769
2005-03-15,-0.48448586
2005-04-15,-0.7704638
2005-05-15,-0.6507033
2005-06-15,-0.42005494
2005-07-15,-0.25783005
2005-08-15,0.010164257
2005-09-15,-0.038599003
2005-10-15,-0.18337634
2005-11-15,-0.7450768
2005-12-15,-1.0978694
2006-01-15,-1.1457249
2006-02-15,-1.0988863
2006-03-15,-1.385386
2006-04-15,-1.1932639
2006-05-15,-0.9504643
2006-06-15,-0.4553944
2006-07-15,-0.008209221
2006-08-15,0.36276457
2006-09-15,0.44951224
2006-10-15,0.38956243
2006-11-15,0.50566554
2006-12-15,0.62314487
2007-01-15,0.20238525
2007-02-15,-0.45389724
2007-03-15,-0.902046
2007-04-15,-1.2221034
2007-05-15,-1.2713932
2007-06-15,-0.7990855
2007-07-15,-0.5744797
2007-08-15,-0.50930583
2007-09-15,-0.9739859
2007-10-15,-1.3096045
2007-11-15,-1.4404558
2007-12-15,-1.501565
2008-01-15,-1.6443257
2008-02-15,-1.7717557
2008-03-15,-1.6325048
2008-04-15,-1.6464138
2008-05-15,-1.4632552
2008-06-15,-0.91880596
2008-07-15,-0.19817968
2008-08-15,-0.018045306
2008-09-15,-0.30334902
2008-10-15,-0.5250659
2008-11-15,-0.68127644
2008-12-15,-1.0712204
2009-01-15,-1.1166747
2009-02-15,-1.0912571
2009-03-15,-1.3618662
2009-04-15,-1.2731344
2009-05-15,-0.9140129
2009-06-15,-0.3402562
2009-07-15,0.21284121
2009-08-15,0.37785548
2009-09-15,0.42268026
2009-10-15,0.45912206
2009-11-15,0.9249047
2009-12-15,1.119854
2010-01-15,0.8780638
2010-02-15,0.44204497
2010-03-15,-0.21139705
2010-04-15,-0.90084267
2010-05-15,-1.3500938
2010-06-15,-1.2796266
2010-07-15,-1.1352501
2010-08-15,-1.2242159
2010-09-15,-1.4732745
2010-10-15,-1.6805661
2010-11-15,-1.6792248
2010-12-15,-1.6292354
2011-01-15,-1.5546445
2011-02-15,-1.3356749
2011-03-15,-1.4548646
2011-04-15,-1.4841933
2011-05-15,-1.2108939
2011-06-15,-0.6809652
2011-07-15,-0.28988865
2011-08-15,-0.39670575
2011-09-15,-0.60770756
2011-10-15,-1.009516
2011-11-15,-1.2514747
2011-12-15,-1.1215361
2012-01-15,-0.97595596
2012-02-15,-0.983488
2012-03-15,-1.163706
2012-04-15,-1.3669944
2012-05-15,-1.1756437
2012-06-15,-0.38707507
2012-07-15,0.26190162
2012-08-15,0.55114543
2012-09-15,0.29778123
2012-10-15,0.008502811
2012-11-15,-0.24938785
2012-12-15,-0.69164085
2013-01-15,-0.88124454
2013-02-15,-1.0304474
2013-03-15,-1.0523756
2013-04-15,-1.2314451
2013-05-15,-1.2701439
2013-06-15,-0.78804433
2013-07-15,-0.3354397
2013-08-15,-0.24910569
2013-09-15,-0.21449856
2013-10-15,-0.3913766
2013-11-15,-0.46497533
2013-12-15,-0.48874834
2014-01-15,-0.79830396
2014-02-15,-1.0296576
2014-03-15,-1.0233271
2014-04-15,-0.94566315
2014-05-15,-0.76742345
2014-06-15,-0.46862566
2014-07-15,-0.22261047
2014-08-15,-0.087265044
2014-09-15,0.069070786
2014-10-15,0.027301878
2014-11-15,0.23752421
2014-12-15,0.19166994
2015-01-15,0.020354927
2015-02-15,-0.20443708
2015-03-15,-0.4441151
2015-04-15,-0.4983945
2015-05-15,-0.26284552
2015-06-15,0.37913465
2015-07-15,1.0555044
2015-08-15,1.5907955
2015-09-15,1.617954
2015-10-15,1.5650849
2015-11-15,1.7671349
2015-12-15,1.6707757
2016-01-15,1.4804041
2016-02-15,1.156445
2016-03-15,0.21040452
2016-04-15,-0.56657577
2016-05-15,-0.9864142
2016-06-15,-0.8776954
2016-07-15,-0.8527889
2016-08-15,-0.81116647
2016-09-15,-0.8528275
2016-10-15,-1.1517872
2016-11-15,-1.242056
2016-12-15,-1.0126595
2017-01-15,-1.0266224
2017-02-15,-0.7959576
2017-03-15,-0.98690605
2017-04-15,-0.9998536
2017-05-15,-0.77958345
2017-06-15,-0.3638953
2017-07-15,-0.053278
2017-08-15,-0.3573663
2017-09-15,-0.6634083
2017-10-15,-0.89448535
2017-11-15,-1.368856
2017-12-15,-1.2838802
2018-01-15,-1.2660041
2018-02-15,-1.1556664
2018-03-15,-1.4861357
2018-04-15,-1.4590151
2018-05-15,-1.1009731
2018-06-15,-0.39756548
2018-07-15,0.057302326
2018-08-15,0.09820524
2018-09-15,0.30187228
2018-10-15,0.46591187
2018-11-15,0.3523544
2018-12-15,0.3040712
2019-01-15,0.11477637
2019-02-15,0.02581197
2019-03-15,-0.1791454
2019-04-15,-0.59613466
2019-05-15,-0.57801247
2019-06-15,-0.27962506
2019-07-15,0.07915118
2019-08-15,-0.058275267
2019-09-15,-0.16220853
2019-10-15,0.07579243
2019-11-15,-0.06815761
2019-12-15,-0.14178109
2020-01-15,-0.14553457
2020-02-15,-0.47844887
2020-03-15,-0.6964834
2020-04-15,-1.0137326
2020-05-15,-1.4740751
2020-06-15,-1.0516763
2020-07-15,-0.612959
2020-08-15,-0.7330357
2020-09-15,-0.96427745
2020-10-15,-1.4662143
2020-11-15,-1.6649461
2020-12-15,-1.3715762
2021-01-15,-1.1749951
2021-02-15,-1.3316569
2021-03-15,-1.456804
2021-04-15,-1.5847929
2021-05-15,-1.3066044
2021-06-15,-0.7688557
2021-07-15,-0.54120857
2021-08-15,-0.5829255
2021-09-15,-0.67188877
2021-10-15,-1.1730465
2021-11-15,-1.2768955
2021-12-15,-1.3242158
2022-01-15,-1.3144038
2022-02-15,-1.3519764
2022-03-15,-1.7252157
2022-04-15,-1.9871247
2022-05-15,-1.8802552
2022-06-15,-1.1917454
2022-07-15,-0.6476497
2022-08-15,-0.8404659
2022-09-15,-1.0613258
2022-10-15,-1.0925581
2022-11-15,-1.1213155
2022-12-15,-1.1192496
2023-01-15,-1.0138836
2023-02-15,-0.950119
2023-03-15,-1.054287
2023-04-15,-1.1816443
2023-05-15,-0.8195037
2023-06-15,-0.08164585
2023-07-15,0.45962465
2023-08-15,0.82221425
2023-09-15,0.9399251
2023-10-15,0.89193463
2023-11-15,1.0322838
2023-12-15,
